author|content|guild|channel|created_at
Sparkles#5708|https://i.gyazo.com/f809545d7ea173e63a4e8e98f6255ab1.png|The Classics|main-chat|2021-03-01 00:53:05.078000
Sparkles#5708|unranked is harder than ranked|The Classics|main-chat|2021-03-01 00:53:10.213000
wardo#5143|let's play valheim...|The Classics|main-chat|2021-03-01 01:42:41.464000
RocketTeag#9729|Can you post mine|The Classics|main-chat|2021-03-01 01:43:09.992000
wardo#5143|huh|The Classics|main-chat|2021-03-01 01:43:25.223000
RocketTeag#9729|My W-L lately|The Classics|main-chat|2021-03-01 01:44:04.224000
wardo#5143||The Classics|main-chat|2021-03-01 01:45:19.638000
wardo#5143| dont wait on me|The Classics|main-chat|2021-03-01 02:34:24.704000
RocketTeag#9729|It’s even worse as you go down|The Classics|main-chat|2021-03-01 04:15:05.050000
RocketTeag#9729|Rip|The Classics|main-chat|2021-03-01 04:15:06.491000
Clapp Bopperson#8994|jujutsu kaisen|The Classics|weebs-anonymous|2021-03-01 04:21:18.869000
Clapp Bopperson#8994|https://www.youtube.com/watch?v=X5RZy3fJYR0&ab_channel=Anigaki|The Classics|weebs-anonymous|2021-03-01 04:31:11.607000
Clapp Bopperson#8994|https://www.youtube.com/watch?v=6_cgyOdgdlo&ab_channel=Anigaki|The Classics|weebs-anonymous|2021-03-01 04:32:49.849000
RocketTeag#9729|What are the brois up to|The Classics|main-chat|2021-03-01 05:15:19.619000
wardo#5143|bed|The Classics|main-chat|2021-03-01 05:15:30.426000
RocketTeag#9729|Night|The Classics|main-chat|2021-03-01 05:35:17.996000
Sparkles#5708||The Classics|main-chat|2021-03-01 12:40:46.889000
wardo#5143||The Classics|main-chat|2021-03-01 13:45:00.152000
wardo#5143|The good ol' days|The Classics|main-chat|2021-03-01 13:45:28.137000
Sparkles#5708|Always fucken dust lol|The Classics|main-chat|2021-03-01 13:47:08.231000
Sparkles#5708|Or dust 2|The Classics|main-chat|2021-03-01 13:47:11.855000
wardo#5143|Dust 2 on 1.6|The Classics|main-chat|2021-03-01 13:47:46.721000
wardo#5143|Also wrath and HL2|The Classics|main-chat|2021-03-01 13:47:58.487000
gcarpenter#5122|Any of u boys want to get in on a league tourney this weekend? Building a team rn and entry is free. Games start at 7pm ish est Friday and Saturday.|The Classics|main-chat|2021-03-01 14:59:54.394000
Ed#6370|<@!348521852026486785>  These plebs only play DOTA|The Classics|main-chat|2021-03-01 15:42:20.152000
gcarpenter#5122|<@499975236041572356> right on. I'll have to work on my DOTA skills then.|The Classics|main-chat|2021-03-01 15:55:18.326000
Sparkles#5708||The Classics|fight-club|2021-03-01 17:24:58.332000
RocketTeag#9729|New Dota update|The Classics|main-chat|2021-03-01 19:43:26.899000
RocketTeag#9729|Nvm it’s for dota plus|The Classics|main-chat|2021-03-01 19:44:08.055000
Yahh says#8910|Dota is just pain|The Classics|main-chat|2021-03-01 19:46:22.181000
Yahh says#8910|embrace the pain|The Classics|main-chat|2021-03-01 19:46:26.085000
Yahh says#8910|<@!322161521822007296> get in here|The Classics|main-chat|2021-03-01 19:47:01.537000
RocketTeag#9729|Hehhhh|The Classics|main-chat|2021-03-01 19:47:21.624000
Yahh says#8910|<@!193908350432313344> get in here|The Classics|main-chat|2021-03-01 19:47:56.452000
Ed#6370|https://www.youtube.com/watch?v=2r5jQuJx8b0|The Classics|fight-club|2021-03-01 20:46:30.712000
Yahh says#8910|im dead boys|The Classics|main-chat|2021-03-01 21:23:11.196000
Yahh says#8910|gonna take a nappy nap|The Classics|main-chat|2021-03-01 21:23:22.569000
RocketTeag#9729|Ight|The Classics|main-chat|2021-03-01 21:23:28.708000
Sanctus#7385|Wassuhh|The Classics|main-chat|2021-03-01 22:32:03.425000
Sparkles#5708|wud u wid it|The Classics|main-chat|2021-03-01 22:35:57.581000
Sanctus#7385|<@!193908350432313344> where's he at|The Classics|main-chat|2021-03-01 23:00:53.034000
Sparkles#5708|https://ddragon.leagueoflegends.com/cdn/img/champion/splash/Vladimir_5.jpg|The Classics|main-chat|2021-03-01 23:24:54.995000
gcarpenter#5122||The Classics|main-chat|2021-03-01 23:26:48.813000
Sparkles#5708|o|The Classics|main-chat|2021-03-01 23:54:29.250000
Sparkles#5708|first item octarine|The Classics|main-chat|2021-03-01 23:54:49.140000
Sparkles#5708||The Classics|main-chat|2021-03-01 23:55:00.892000
Sparkles#5708|madman in kyle / grant / clays bot game lol|The Classics|main-chat|2021-03-01 23:55:12.994000
Sparkles#5708|https://cryptomining-blog.com/wp-content/uploads/2021/01/palit-rtx-3070-gamerock-rig.jpg|The Classics|main-chat|2021-03-02 01:27:08.311000
Sparkles#5708|https://i.ytimg.com/vi/WXN0wZELnbs/maxresdefault.jpg|The Classics|main-chat|2021-03-02 01:27:24.967000
Clapp Bopperson#8994|back muscles|The Classics|main-chat|2021-03-02 01:29:07.839000
Sparkles#5708|https://tenor.com/view/holyshit-jurassic-park-alan-grant-sam-neil-shocked-gif-5399511|The Classics|main-chat|2021-03-02 01:31:43.209000
Clapp Bopperson#8994|https://www.youtube.com/watch?v=q67cD8pDgqk&ab_channel=JimAdler%26Associates|The Classics|main-chat|2021-03-02 01:56:44.105000
Clapp Bopperson#8994||The Classics|main-chat|2021-03-02 01:57:42.878000
Clapp Bopperson#8994|https://i0.wp.com/foolishwatcher.com/wp-content/uploads/2019/05/texas-hammer-jim-adler.gif?fit=480%2C270&ssl=1&w=640|The Classics|main-chat|2021-03-02 01:57:58.508000
Clapp Bopperson#8994|https://www.youtube.com/watch?v=WN46cTfmEA8&ab_channel=JimAdler%26Associates|The Classics|main-chat|2021-03-02 01:58:27.989000
Clapp Bopperson#8994|https://www.youtube.com/watch?v=hoFSlGwfLGg&ab_channel=JimAdler%26Associates|The Classics|main-chat|2021-03-02 01:59:39.427000
Clapp Bopperson#8994|I'm getting off for the night, sorry lads.|The Classics|main-chat|2021-03-02 02:06:42.288000
Sparkles#5708|https://youtu.be/l4UFQWKjy_I?t=12|The Classics|main-chat|2021-03-02 03:44:01.819000
Sanctus#7385|https://www.reddit.com/r/valheim/comments/loauym/chewie_were_home_i_present_you_the_millennium/?utm_source=share&utm_medium=ios_app&utm_name=iossmf|The Classics|main-chat|2021-03-02 03:44:39.010000
Nick#2918|If only we played|The Classics|main-chat|2021-03-02 12:47:04.794000
Clapp Bopperson#8994|I’m just about done with everything right now. Fuck this dumb medical term class. Fucking horse shit. I hate this professor more than anyone else in this world because he’s so absolutely useless. Makes quizzes impossibly vague and expects you to read his mind on what he actually means for half the questions and it turns into “which one is MORE right” I actually want to choke slam his geriatric ass through his desk.|The Classics|main-chat|2021-03-02 14:32:46.907000
Sparkles#5708|Talk to your girl at all today? Hit us with something positive|The Classics|main-chat|2021-03-02 16:38:41.994000
Clapp Bopperson#8994|Shut the fuck up|The Classics|main-chat|2021-03-02 16:38:59.832000
Yahh says#8910|https://tenor.com/view/chris-jericho-trish-stratus-spanking-wwe-wwf-gif-14318603|The Classics|main-chat|2021-03-02 16:46:09.729000
Sparkles#5708|I apologize if my sympathy is low regarding a fucken quiz. Boy I am sure some of us wish our problems were so insignificant|The Classics|main-chat|2021-03-02 16:47:53.733000
Sparkles#5708|Us telling you to be positive is trying to help. Girls aren't attracted to sorry asses. This side of you that is negative could cost you with that girl you are chatting to now eveb|The Classics|main-chat|2021-03-02 16:49:31.829000
Clapp Bopperson#8994|Rich I actually couldn’t care less what a 30 year old virgin has to say on the subject of women|The Classics|main-chat|2021-03-02 16:50:15.557000
Sparkles#5708|Much like the entire channel could care less about your quizzes|The Classics|main-chat|2021-03-02 16:51:14.107000
Sparkles#5708|But hey, you want to wallow in misery and self pity, go for it. Just keep in mind every time you complain, people look at their phones and go "there he goes again"|The Classics|main-chat|2021-03-02 16:56:19.893000
Sparkles#5708||The Classics|main-chat|2021-03-02 16:56:56.225000
Sparkles#5708||The Classics|fight-club|2021-03-02 17:02:39.843000
Yahh says#8910|https://tenor.com/view/awkward-uncomfortable-newgirl-gif-5935087|The Classics|main-chat|2021-03-02 17:10:00.154000
Yahh says#8910|https://www.youtube.com/watch?v=KvK3b1JuoAU|The Classics|main-chat|2021-03-02 17:27:59.732000
Sparkles#5708|While I think the games are harsh I think we should mix in player games with bot games to help Connor Grant and clay|The Classics|main-chat|2021-03-02 17:48:13.531000
Sparkles#5708|Dota is unforgiving but hopefully the tough games teach important lessons|The Classics|main-chat|2021-03-02 17:48:37.100000
Yahh says#8910|I just posted that video to help|The Classics|main-chat|2021-03-02 17:54:14.003000
Sparkles#5708|I know. Hopefully it provides useful info.|The Classics|main-chat|2021-03-02 17:59:24.826000
Sparkles#5708|Dota as we say is a good game to watch as well as play|The Classics|main-chat|2021-03-02 17:59:40.984000
wardo#5143||The Classics|main-chat|2021-03-02 18:43:17.792000
Sanctus#7385|Shiiii|The Classics|main-chat|2021-03-02 19:56:21.602000
Sparkles#5708|Suhh|The Classics|main-chat|2021-03-02 20:36:02.192000
Sparkles#5708|Appointment to get contacts figured out today.|The Classics|main-chat|2021-03-02 20:39:08.268000
Sparkles#5708||The Classics|main-chat|2021-03-02 20:40:15.723000
Sanctus#7385|Wassup|The Classics|main-chat|2021-03-02 21:19:21.856000
Sparkles#5708||The Classics|main-chat|2021-03-02 21:34:25.054000
Sparkles#5708|I wish Devine would follow|The Classics|main-chat|2021-03-02 21:34:30.565000
Sanctus#7385|Lollll|The Classics|main-chat|2021-03-02 21:34:42.554000
clayton#7572|Florida is the only state doing shit right, yall might as well be in communist china|The Classics|main-chat|2021-03-02 21:35:25.032000
Sparkles#5708|If people want to wear their illusion they can. But for normal people let us take the fucken things off|The Classics|main-chat|2021-03-02 21:36:45.078000
Sparkles#5708|I predict a significant portion of people don't wear them around friends and family anyway|The Classics|main-chat|2021-03-02 21:37:05.694000
exumbra#9315|https://www.reddit.com/r/maybemaybemaybe/comments/lw1u79/maybe_maybe_maybe/?utm_source=share&utm_medium=web2x&context=3|The Classics|main-chat|2021-03-02 21:37:19.003000
Sparkles#5708|Last time I had contacts was 2008|The Classics|main-chat|2021-03-02 22:02:20.348000
Sparkles#5708|Kek|The Classics|main-chat|2021-03-02 22:02:26.850000
clayton#7572|get lasik, shit changed my life and my vision wasnt even that bad|The Classics|main-chat|2021-03-02 22:02:53.333000
RocketTeag#9729|is it wiorth? scared it will fuck my vision forever|The Classics|main-chat|2021-03-02 22:03:55.195000
Sparkles#5708|Shit costs Lotta money|The Classics|main-chat|2021-03-02 22:05:12.680000
clayton#7572|i used a groupon and its was like 1,400 or something lmao|The Classics|main-chat|2021-03-02 22:05:39.900000
RocketTeag#9729|wuuut|The Classics|main-chat|2021-03-02 22:41:13.933000
Sparkles#5708|Damn this is a surreal feeling|The Classics|main-chat|2021-03-02 22:49:28.188000
Sparkles#5708|Contacts again lol|The Classics|main-chat|2021-03-02 22:49:34.165000
RocketTeag#9729|lasik now a days isnt actually that expensive anymore|The Classics|main-chat|2021-03-02 22:49:50.197000
RocketTeag#9729|compared to before|The Classics|main-chat|2021-03-02 22:50:03.928000
wardo#5143|still $2k per eye|The Classics|main-chat|2021-03-02 22:50:10.067000
Sparkles#5708||The Classics|main-chat|2021-03-02 22:50:19.532000
Sparkles#5708|Wearing samples right now. Order real ones Sunday|The Classics|main-chat|2021-03-02 22:50:30.747000
Sparkles#5708|Let's go baby|The Classics|main-chat|2021-03-02 22:50:33.749000
wardo#5143|a new lad|The Classics|main-chat|2021-03-02 22:50:40.106000
wardo#5143|no goatee, no glasses, no hair|The Classics|main-chat|2021-03-02 22:50:57.752000
RocketTeag#9729|https://tenor.com/view/wrestler-woo-stoked-crazy-excited-gif-4961243|The Classics|main-chat|2021-03-02 22:51:00.768000
Sanctus#7385|lets gooo|The Classics|main-chat|2021-03-02 22:58:51.714000
Sanctus#7385|<@!289242501360123904> yo|The Classics|main-chat|2021-03-02 22:59:01.926000
Sparkles#5708|https://i.gyazo.com/a19571fb20d95ce415b4bdca272c0024.jpg|The Classics|main-chat|2021-03-03 00:36:49.998000
Sparkles#5708|https://tenor.com/view/captain-phillips-look-at-me-im-the-captain-now-gif-5038544|The Classics|main-chat|2021-03-03 00:36:56.936000
reesespices#0187|https://www.youtube.com/watch?v=WdrbuIm6yoo|The Classics|main-chat|2021-03-03 01:41:28.575000
Yahh says#8910|https://www.youtube.com/watch?v=Pt8WHe2KQ4U|The Classics|main-chat|2021-03-03 03:19:39.876000
Sparkles#5708||The Classics|fight-club|2021-03-03 12:37:22.924000
Sparkles#5708||The Classics|fight-club|2021-03-03 12:37:25.365000
clayton#7572|https://www.youtube.com/watch?v=Ev373c7wSRg&list=PLYLi1xsyfNsi4sJX1RY6fTRBZqaUEV_w5&index=36|The Classics|fight-club|2021-03-03 14:29:32.924000
Sparkles#5708|The irony of the term "woke" is they are literally the biggest npcs and max tier asleep|The Classics|fight-club|2021-03-03 15:47:04.700000
Ed#6370|Falcodrin Community Discord #nvidia|The Classics|gpu-stock-update|2021-03-03 16:40:45.088000
Ed#6370|Falcodrin Community Discord #stockdrops|The Classics|gpu-stock-update|2021-03-03 16:41:03.013000
Ed#6370|Falcodrin Community Discord #stockdrops|The Classics|gpu-stock-update|2021-03-03 16:42:39.760000
Ed#6370|Falcodrin Community Discord #amd|The Classics|gpu-stock-update|2021-03-03 16:42:49.791000
Ed#6370|Local Columbus Microcenter: https://www.microcenter.com/category/4294966937/video-cards|The Classics|gpu-stock-update|2021-03-03 16:45:31.431000
Ed#6370||The Classics|gpu-stock-update|2021-03-03 16:45:41.631000
Ed#6370|https://www.newegg.com/product-shuffle|The Classics|gpu-stock-update|2021-03-03 17:16:20.417000
Ed#6370||The Classics|gpu-stock-update|2021-03-03 17:16:26.581000
Yahh says#8910|https://twitter.com/redditdota2/status/1367027909786013699?s=12|The Classics|main-chat|2021-03-03 17:35:34.230000
Sparkles#5708|Well you either get toxic assholes or simps|The Classics|main-chat|2021-03-03 17:56:08.571000
Sparkles#5708|I personally don't give a fuck. If you are good you are good. If you suck you suck|The Classics|main-chat|2021-03-03 17:56:42.036000
Falcodrin Community Discord #stockdrops#0000|@everyone Newegg Shuffle has begun!  Get your selections in before it closes!
3060s, 3070s, 6800, 6800 XT

https://www.newegg.com/product-shuffle|The Classics|gpu-stock-update|2021-03-03 18:02:13.040000
Yahh says#8910|the response is legendary|The Classics|main-chat|2021-03-03 18:42:28.366000
Sparkles#5708|On the Twitter|The Classics|main-chat|2021-03-03 18:52:17.219000
Sparkles#5708|?|The Classics|main-chat|2021-03-03 18:52:18.597000
Yahh says#8910|Rich|The Classics|main-chat|2021-03-03 19:10:32.517000
Yahh says#8910|i swear to god|The Classics|main-chat|2021-03-03 19:10:39.592000
Sparkles#5708|<:FeelsGoodMan:812475586668265513>|The Classics|main-chat|2021-03-03 19:13:51.578000
clayton#7572|I just thought of a clown world scam, do you think the democrats will let me marry an inanimate object so I can file my taxes as Head of Household for a few k in tax breaks each year?|The Classics|main-chat|2021-03-03 19:20:22.976000
gcarpenter#5122|As long as if you take the inanimate objects last name I'm cool with it.|The Classics|main-chat|2021-03-03 19:31:06.249000
Sparkles#5708|Man liberal are really wrecking women this year|The Classics|fight-club|2021-03-03 21:17:13.468000
Sparkles#5708||The Classics|fight-club|2021-03-03 21:17:15.653000
Sanctus#7385|“Women”|The Classics|fight-club|2021-03-03 21:58:28.624000
Sanctus#7385|You mean people that menstruate|The Classics|fight-club|2021-03-03 21:58:40.070000
Clapp Bopperson#8994|I don’t know what the fuck this is showcasing but I fear it.|The Classics|main-chat|2021-03-04 00:17:56.818000
Sparkles#5708|I dont know if I want one or not|The Classics|main-chat|2021-03-04 00:18:16.661000
Sanctus#7385|best churros in town|The Classics|main-chat|2021-03-04 00:18:29.859000
Clapp Bopperson#8994|I could actually puke. What animal goes to Chuck E. Cheese for multicolored churros??|The Classics|main-chat|2021-03-04 00:19:23.487000
Sparkles#5708|surprised chuck e cheese is still a thing|The Classics|main-chat|2021-03-04 00:19:49.335000
Sparkles#5708|https://media.discordapp.net/attachments/568260262688456726/816740306316689408/1614795722653.png?width=676&height=676|The Classics|main-chat|2021-03-04 00:20:10.098000
Clapp Bopperson#8994|I’m calling the police.|The Classics|main-chat|2021-03-04 00:20:25.547000
Sparkles#5708|lmao|The Classics|main-chat|2021-03-04 00:20:50.873000
Sanctus#7385|https://www.youtube.com/watch?v=7Smrw-BYe1I|The Classics|main-chat|2021-03-04 00:20:55.893000
Sparkles#5708|<:delet:760993922855075920>|The Classics|main-chat|2021-03-04 00:21:03.388000
Clapp Bopperson#8994|Oh I heard someone talking about that.|The Classics|main-chat|2021-03-04 00:21:12.983000
Sanctus#7385|https://twitter.com/Erdayastronaut/status/1367257769695404032?ref_src=twsrc%5Etfw%7Ctwcamp%5Etweetembed%7Ctwterm%5E1367257769695404032%7Ctwgr%5E%7Ctwcon%5Es1_c10&ref_url=https%3A%2F%2Fwww.nxsttv.com%2Fnmw%2Fnews%2Fspacex-starship-sn10-explodes-after-nailing-landing%2F|The Classics|main-chat|2021-03-04 00:32:56.824000
Falcodrin Community Discord #stockdrops#0000|xbox just popped https://www.amazon.com/dp/B08H75RTZ8?smid=ATVPDKIKX0DER&tag=espresso004b-20#aod|The Classics|gpu-stock-update|2021-03-04 01:00:03.731000
Sparkles#5708|https://www.youtube.com/watch?v=H1xHayXetLU|The Classics|main-chat|2021-03-04 02:29:16.723000
wardo#5143|https://www.twitch.tv/crusader3455|The Classics|main-chat|2021-03-04 05:07:05.691000
Sparkles#5708|Lmao look at the name of this apartment complex we are doing a job for|The Classics|main-chat|2021-03-04 14:40:09.718000
Sparkles#5708||The Classics|main-chat|2021-03-04 14:40:13.292000
JJJJules#2060|Idk if real but holy shit ana and topson glow up now|The Classics|main-chat|2021-03-04 18:15:11.887000
JJJJules#2060||The Classics|main-chat|2021-03-04 18:15:15.606000
RocketTeag#9729|Looks like @frank with long hair|The Classics|main-chat|2021-03-04 18:16:00.144000
Clapp Bopperson#8994|Jesus|The Classics|main-chat|2021-03-04 18:17:24.169000
JJJJules#2060|Lmao p much!|The Classics|main-chat|2021-03-04 18:22:49.501000
Clapp Bopperson#8994|<@190319120309288961>|The Classics|main-chat|2021-03-04 18:23:54.973000
Clapp Bopperson#8994|These are cheese sticks... literally a foot long.|The Classics|main-chat|2021-03-04 18:44:58.876000
JJJJules#2060|Pure diabeetus|The Classics|main-chat|2021-03-04 18:46:28.755000
Clapp Bopperson#8994|Literally wouldn’t poop for a month|The Classics|main-chat|2021-03-04 18:46:49.153000
Sparkles#5708|Those look so good tho|The Classics|main-chat|2021-03-04 19:10:30.853000
Sanctus#7385|Top cringe post of the day|The Classics|main-chat|2021-03-04 21:13:53.804000
RocketTeag#9729|ewwwww dude|The Classics|main-chat|2021-03-04 21:14:23.014000
Sparkles#5708||The Classics|main-chat|2021-03-04 21:22:30.311000
Sparkles#5708|https://i.gyazo.com/04dae1df17bf762a4df89bbe3f9984dd.jpg|The Classics|main-chat|2021-03-04 22:49:13.833000
JJJJules#2060|https://www.youtube.com/watch?v=l1RLXJrFg74&ab_channel=Krypton|The Classics|main-chat|2021-03-04 23:43:54.137000
RocketTeag#9729|https://www.youtube.com/watch?v=tnO6YqZ_qkQ&ab_channel=RoughN%27Rowdy|The Classics|main-chat|2021-03-05 00:19:44.390000
JJJJules#2060|https://www.youtube.com/watch?v=O1HH5KYURbs&ab_channel=unofficialArtemis|The Classics|main-chat|2021-03-05 03:19:24.728000
JJJJules#2060|https://www.youtube.com/watch?v=7e7oLIADaRk&ab_channel=unofficialArtemis|The Classics|main-chat|2021-03-05 03:19:42.661000
JJJJules#2060|https://clips.twitch.tv/InventiveMildOrangeOhMyDog-a2OfJd8ExlxmPY0Q|The Classics|main-chat|2021-03-05 03:25:28.090000
Sparkles#5708|<@!347845835813421057>|The Classics|main-chat|2021-03-05 04:17:03.048000
Sparkles#5708|COME FORTH|The Classics|main-chat|2021-03-05 04:17:06.482000
JJJJules#2060|https://www.reddit.com/r/learndota2/comments/40pcct/daedalus_on_pa/|The Classics|main-chat|2021-03-05 05:58:11.207000
Clapp Bopperson#8994|What’s a Metal Scarecrow’s favorite band?|The Classics|main-chat|2021-03-05 08:45:04.446000
Clapp Bopperson#8994|Korn|The Classics|main-chat|2021-03-05 08:45:13.065000
JJJJules#2060||The Classics|main-chat|2021-03-05 09:39:25.694000
Sparkles#5708||The Classics|fight-club|2021-03-05 12:36:22.859000
Sparkles#5708|Just add and angry face to the dota guy|The Classics|main-chat|2021-03-05 12:37:05.467000
Sparkles#5708||The Classics|fight-club|2021-03-05 12:41:14.473000
Sparkles#5708|The bee is so funny|The Classics|fight-club|2021-03-05 12:41:24.646000
Ed#6370|@everyone for anyone looking for the new xbox 
https://www.antonline.com/Microsoft/Electronics/Gaming_Devices/Gaming_Consoles/1415506|The Classics|main-chat|2021-03-05 15:32:53.743000
Ed#6370|and gone|The Classics|main-chat|2021-03-05 15:33:31.712000
clayton#7572|lol who needs both|The Classics|main-chat|2021-03-05 15:40:25.227000
Sparkles#5708|Nick does|The Classics|main-chat|2021-03-05 16:07:39.480000
Sparkles#5708|<:Ahab:812469441412464640>|The Classics|main-chat|2021-03-05 16:07:44.560000